Task ID,Task Name,Start Date,End Date,Duration (Days),Phase,January,January,January,January,February,February,February,February,March,March,March,March,April,April,April,April,May,May,May,May,June,June,June,June,July,July,July,July,August,August,August,August,September,September,September,September,October,October,October,October,November,November,November,November,December,December,December,December
,,,,,Week,1,2,3,4,1,2,3,4,1,2,3,4,1,2,3,4,1,2,3,4,1,2,3,4,1,2,3,4,1,2,3,4,1,2,3,4,1,2,3,4,1,2,3,4,1,2,3,4
1,CAPSTONE PROPOSAL & PLANNING,2024-01-01,2024-05-31,151,Phase 1,,,,,,,,,,,,,,,,,,,,,,,,,,,,,,,,,,,,,,,,,,,,,,,
1.1,Learning Systems Analysis & Design,2024-01-01,2024-01-21,21,Phase 1,X,X,X,,,,,,,,,,,,,,,,,,,,,,,,,,,,,,,,,,,,,,,,,,,,,,
1.2,Project Selection & Feasibility Study,2024-02-01,2024-03-15,43,Phase 1,,,,X,X,X,X,X,X,X,,,,,,,,,,,,,,,,,,,,,,,,,,,,,,,,,,,,,,,,
2.1,Capstone Planning Phase,2024-03-15,2024-04-15,31,Phase 1,,,,,,,,,,,X,X,X,X,,,,,,,,,,,,,,,,,,,,,,,,,,,,,,,,,
2.2,Requirements Gathering,2024-04-01,2024-04-15,14,Phase 1,,,,,,,,,,,,,,,X,X,,,,,,,,,,,,,,,,,,,,,,,,,,,,,,,,
3.1,System Design,2024-04-15,2024-05-20,35,Phase 1,,,,,,,,,,,,,,,,X,X,X,X,X,,,,,,,,,,,,,,,,,,,,,,,,,,,
3.2,UI/UX Design (Figma),2024-04-20,2024-05-10,20,Phase 1,,,,,,,,,,,,,,,,,X,X,X,,,,,,,,,,,,,,,,,,,,,,,,,,,,,,
3.3,Database Design,2024-04-25,2024-05-15,20,Phase 1,,,,,,,,,,,,,,,,,,X,X,X,,,,,,,,,,,,,,,,,,,,,,,,,,,,,
4.1,Proposal Finalization,2024-05-10,2024-05-20,10,Phase 1,,,,,,,,,,,,,,,,,,,,,X,X,,,,,,,,,,,,,,,,,,,,,,,,,,,
4.2,Proposal Defense,2024-05-15,2024-05-15,1,Phase 1,,,,,,,,,,,,,,,,,,,,,,X,,,,,,,,,,,,,,,,,,,,,,,,,,
5.1,Post-Defense Improvements,2024-05-20,2024-05-31,11,Phase 1,,,,,,,,,,,,,,,,,,,,,,X,X,,,,,,,,,,,,,,,,,,,,,,,,
6,SYSTEM DEVELOPMENT,2024-06-01,2024-09-30,121,Phase 2,,,,,,,,,,,,,,,,,,,,,,,,,,,,,,,,,,,,,,,,,,,,,,,
6.1,Development Environment Setup,2024-06-01,2024-06-07,7,Phase 2,,,,,,,,,,,,,,,,,,,,,,,X,,,,,,,,,,,,,,,,,,,,,,,
6.2,Core Backend Development,2024-06-08,2024-07-15,37,Phase 2,,,,,,,,,,,,,,,,,,,,,,,,X,X,X,X,X,,,,,,,,,,,,,,,,,,,
6.3,Frontend Development,2024-07-16,2024-08-15,30,Phase 2,,,,,,,,,,,,,,,,,,,,,,,,,,,X,X,X,X,,,,,,,,,,,,,,,,,
6.4,Feature Development Phase 1,2024-08-16,2024-08-31,15,Phase 2,,,,,,,,,,,,,,,,,,,,,,,,,,,,,,,,X,X,,,,,,,,,,,,,,,
6.5,Feature Development Phase 2,2024-09-01,2024-09-15,14,Phase 2,,,,,,,,,,,,,,,,,,,,,,,,,,,,,,,,,,,X,X,,,,,,,,,,,,
6.6,Feature Development Phase 3,2024-09-16,2024-09-30,14,Phase 2,,,,,,,,,,,,,,,,,,,,,,,,,,,,,,,,,,,,X,X,,,,,,,,,,,
7,DEPLOYMENT & TESTING,2024-10-01,2024-10-31,30,Phase 3,,,,,,,,,,,,,,,,,,,,,,,,,,,,,,,,,,,,,,,X,X,X,X,,,,,,,
7.1,Railway.app Deployment,2024-10-01,2024-10-07,7,Phase 3,,,,,,,,,,,,,,,,,,,,,,,,,,,,,,,,,,,,,,,X,,,,,,,,,
7.2,System Testing,2024-10-08,2024-10-21,13,Phase 3,,,,,,,,,,,,,,,,,,,,,,,,,,,,,,,,,,,,,,,,X,X,,,,,,,,
7.3,Enhaynes Clinic Implementation,2024-10-22,2024-10-31,9,Phase 3,,,,,,,,,,,,,,,,,,,,,,,,,,,,,,,,,,,,,,,,,X,X,,,,,,,
8,DOCUMENTATION & FINALIZATION,2024-11-01,2024-12-31,60,Phase 4,,,,,,,,,,,,,,,,,,,,,,,,,,,,,,,,,,,,,,,,,,,,X,X,X,X,X,X,X,X
8.1,Capstone Documentation,2024-11-01,2024-11-30,29,Phase 4,,,,,,,,,,,,,,,,,,,,,,,,,,,,,,,,,,,,,,,,,,,,X,X,X,X,,,,
8.2,Final Testing & Refinements,2024-12-01,2024-12-15,14,Phase 4,,,,,,,,,,,,,,,,,,,,,,,,,,,,,,,,,,,,,,,,,,,,,,,X,X,,
8.3,Final Defense Preparation,2024-12-16,2024-12-25,9,Phase 4,,,,,,,,,,,,,,,,,,,,,,,,,,,,,,,,,,,,,,,,,,,,,,,,X,X,
8.4,Final Defense,2024-12-20,2024-12-20,1,Phase 4,,,,,,,,,,,,,,,,,,,,,,,,,,,,,,,,,,,,,,,,,,,,,,,,,X,
